Id,Url,HtmlUrl,CloneUrl,GitUrl,SshUrl,SvnUrl,MirrorUrl,NodeId,Name,FullName,IsTemplate,Description,Homepage,Language,Private,Fork,ForksCount,StargazersCount,DefaultBranch,OpenIssuesCount,PushedAt,CreatedAt,UpdatedAt,HasIssues,HasWiki,HasDownloads,AllowRebaseMerge,AllowSquashMerge,AllowMergeCommit,HasPages,SubscribersCount,Size,Archived,DeleteBranchOnMerge,AllowAutoMerge,BugReportTemplateKeyVal,TemplateUseCount,HasStructuredBugReportTemplate,AvgInfoTagCount,TagCountForDiagnosticInfo,TagCountForErrorLog,TagCountForExceptionStackTrace,TagCountForOutComeInfo,TagCountForRunningLog,TagCountForS2R,TagCountForSetUpInfo,TagCountForSolutonSuggestion,TagCountForUsageInfo
1548202,https://api.github.com/repos/matomo-org/matomo,https://github.com/matomo-org/matomo,https://github.com/matomo-org/matomo.git,git://github.com/matomo-org/matomo.git,git@github.com:matomo-org/matomo.git,https://github.com/matomo-org/matomo,,MDEwOlJlcG9zaXRvcnkxNTQ4MjAy,matomo,matomo-org/matomo,false,Liberating Web Analytics. Star us on Github? +1. Matomo is the leading open alternative to Google Analytics that gives you full control over your data. Matomo lets you easily collect data from websites & apps and visualise this data and extract insights. Privacy is built-in. We love Pull Requests! ,https://matomo.org/,PHP,false,false,2384,16944,4.x-dev,2143,2022-10-26 04:34:33.0000000 +00:00,2011-03-30 21:18:17.0000000 +00:00,2022-10-25 18:54:56.0000000 +00:00,true,true,true,,,,false,424,283335,false,,,"<h2 dir=""auto"">Steps to Reproduce (for Bugs)</h2>",27,true,1.56,1.00,25.00,11.00,25.00,5.00,31.00,49.00,9.00,0.00
2884111,https://api.github.com/repos/magento/magento2,https://github.com/magento/magento2,https://github.com/magento/magento2.git,git://github.com/magento/magento2.git,git@github.com:magento/magento2.git,https://github.com/magento/magento2,,MDEwOlJlcG9zaXRvcnkyODg0MTEx,magento2,magento/magento2,false,"All Submissions you make to Magento Inc. (""Magento"") through GitHub are subject to the following terms and conditions: (1) You grant Magento a perpetual, worldwide, non-exclusive, no charge, royalty free, irrevocable license under your applicable copyrights and patents to reproduce, prepare derivative works of, display, publically perform, sublicense and distribute any feedback, ideas, code, or other information (“Submission"") you submit through GitHub. (2) Your Submission is an original work of authorship and you are the owner or are legally entitled to grant the license stated above. (3) You agree to the Contributor License Agreement found here:  https://github.com/magento/magento2/blob/master/CONTRIBUTOR_LICENSE_AGREEMENT.html",http://www.magento.com,PHP,false,false,9042,10305,2.4-develop,2119,2022-10-26 08:33:48.0000000 +00:00,2011-11-30 15:30:13.0000000 +00:00,2022-10-26 06:14:20.0000000 +00:00,true,true,true,,,,false,1315,690506,false,,,"<h3 dir=""auto"">Preconditions",96,true,3.00,0.00,7.00,3.00,94.00,6.00,94.00,94.00,1.00,0.00
3898922,https://api.github.com/repos/zammad/zammad,https://github.com/zammad/zammad,https://github.com/zammad/zammad.git,git://github.com/zammad/zammad.git,git@github.com:zammad/zammad.git,https://github.com/zammad/zammad,,MDEwOlJlcG9zaXRvcnkzODk4OTIy,zammad,zammad/zammad,false,Zammad is a web based open source helpdesk/customer support system,https://zammad.org,Ruby,false,false,619,3172,develop,451,2022-10-25 18:35:10.0000000 +00:00,2012-04-02 08:50:33.0000000 +00:00,2022-10-26 07:39:39.0000000 +00:00,true,false,true,,,,false,132,155399,false,,,"<h3 dir=""auto"">Steps to reproduce the behavior:</h3>",91,true,3.12,0.00,11.00,1.00,99.00,11.00,91.00,98.00,1.00,0.00
6763587,https://api.github.com/repos/PrestaShop/PrestaShop,https://github.com/PrestaShop/PrestaShop,https://github.com/PrestaShop/PrestaShop.git,git://github.com/PrestaShop/PrestaShop.git,git@github.com:PrestaShop/PrestaShop.git,https://github.com/PrestaShop/PrestaShop,,MDEwOlJlcG9zaXRvcnk2NzYzNTg3,PrestaShop,PrestaShop/PrestaShop,false,PrestaShop is the universal open-source software platform to build your e-commerce solution.,https://www.prestashop-project.org/,PHP,false,false,4491,6791,develop,2725,2022-10-26 08:01:43.0000000 +00:00,2012-11-19 16:41:31.0000000 +00:00,2022-10-25 21:18:51.0000000 +00:00,true,false,true,,,,false,468,656865,false,,,"<h3 dir=""auto"">Describe the bug and add screenshots</h3>",100,true,2.77,0.00,5.00,1.00,82.00,2.00,91.00,96.00,0.00,0.00
28457823,https://api.github.com/repos/freeCodeCamp/freeCodeCamp,https://github.com/freeCodeCamp/freeCodeCamp,https://github.com/freeCodeCamp/freeCodeCamp.git,git://github.com/freeCodeCamp/freeCodeCamp.git,git@github.com:freeCodeCamp/freeCodeCamp.git,https://github.com/freeCodeCamp/freeCodeCamp,,MDEwOlJlcG9zaXRvcnkyODQ1NzgyMw==,freeCodeCamp,freeCodeCamp/freeCodeCamp,false,freeCodeCamp.org's open-source codebase and curriculum. Learn to code for free.,https://contribute.freecodecamp.org,TypeScript,false,false,30235,356132,main,209,2022-10-26 08:40:50.0000000 +00:00,2014-12-24 17:49:19.0000000 +00:00,2022-10-26 08:37:39.0000000 +00:00,true,false,true,,,,true,8466,357203,false,,,"<h3 dir=""auto"">Describe the Issue</h3>",88,true,1.95,0.00,3.00,0.00,75.00,7.00,37.00,70.00,3.00,0.00
41288708,https://api.github.com/repos/sourcegraph/sourcegraph,https://github.com/sourcegraph/sourcegraph,https://github.com/sourcegraph/sourcegraph.git,git://github.com/sourcegraph/sourcegraph.git,git@github.com:sourcegraph/sourcegraph.git,https://github.com/sourcegraph/sourcegraph,,MDEwOlJlcG9zaXRvcnk0MTI4ODcwOA==,sourcegraph,sourcegraph/sourcegraph,false,Universal code search (self-hosted),https://sourcegraph.com,Go,false,false,850,7045,main,4680,2022-10-26 09:05:07.0000000 +00:00,2015-08-24 07:27:28.0000000 +00:00,2022-10-25 23:04:52.0000000 +00:00,true,false,true,,,,false,156,797804,false,,,"<h4 dir=""auto"">Steps to reproduce:</h4>",16,false,0.89,1.00,6.00,0.00,24.00,5.00,36.00,15.00,1.00,0.00
43160685,https://api.github.com/repos/zulip/zulip,https://github.com/zulip/zulip,https://github.com/zulip/zulip.git,git://github.com/zulip/zulip.git,git@github.com:zulip/zulip.git,https://github.com/zulip/zulip,,MDEwOlJlcG9zaXRvcnk0MzE2MDY4NQ==,zulip,zulip/zulip,false,Zulip server and web app—powerful open source team chat,https://zulip.com,Python,false,false,5615,16614,main,2692,2022-10-26 07:35:16.0000000 +00:00,2015-09-25 16:37:25.0000000 +00:00,2022-10-26 06:22:48.0000000 +00:00,true,false,true,,,,false,375,375162,false,,,No templated bug report,0,false,0.57,1.00,5.00,1.00,12.00,4.00,20.00,10.00,3.00,1.00
48384473,https://api.github.com/repos/ParabolInc/parabol,https://github.com/ParabolInc/parabol,https://github.com/ParabolInc/parabol.git,git://github.com/ParabolInc/parabol.git,git@github.com:ParabolInc/parabol.git,https://github.com/ParabolInc/parabol,,MDEwOlJlcG9zaXRvcnk0ODM4NDQ3Mw==,parabol,ParabolInc/parabol,false,Free online agile retrospective meeting tool,https://www.parabol.co/,TypeScript,false,false,269,1537,master,378,2022-10-25 23:49:24.0000000 +00:00,2015-12-21 17:16:49.0000000 +00:00,2022-10-25 18:44:23.0000000 +00:00,true,false,true,,,,false,45,91266,false,,,"<h2 dir=""auto"">Issue - Bug</h2>",36,false,0.65,1.00,8.00,1.00,10.00,5.00,29.00,10.00,1.00,0.00
52281283,https://api.github.com/repos/mastodon/mastodon,https://github.com/mastodon/mastodon,https://github.com/mastodon/mastodon.git,git://github.com/mastodon/mastodon.git,git@github.com:mastodon/mastodon.git,https://github.com/mastodon/mastodon,,MDEwOlJlcG9zaXRvcnk1MjI4MTI4Mw==,mastodon,mastodon/mastodon,false,"Your self-hosted, globally interconnected microblogging community",https://joinmastodon.org,Ruby,false,false,4694,30124,main,2391,2022-10-26 07:10:23.0000000 +00:00,2016-02-22 15:01:25.0000000 +00:00,2022-10-26 07:58:16.0000000 +00:00,true,false,true,,,,false,631,166355,false,,,"<h3 dir=""auto"">Steps to reproduce the problem</h3>",98,true,3.05,0.00,5.00,2.00,95.00,16.00,94.00,90.00,2.00,0.00
350360184,https://api.github.com/repos/calcom/cal.com,https://github.com/calcom/cal.com,https://github.com/calcom/cal.com.git,git://github.com/calcom/cal.com.git,git@github.com:calcom/cal.com.git,https://github.com/calcom/cal.com,,MDEwOlJlcG9zaXRvcnkzNTAzNjAxODQ=,cal.com,calcom/cal.com,false,Scheduling infrastructure for absolutely everyone.,https://cal.com,TypeScript,false,false,1683,13934,main,520,2022-10-26 08:26:19.0000000 +00:00,2021-03-22 13:47:42.0000000 +00:00,2022-10-26 06:19:42.0000000 +00:00,true,false,true,,,,false,114,116148,false,,,"<h3 dir=""auto"">Steps to Reproduce</h3>",32,false,0.64,0.00,7.00,1.00,4.00,1.00,44.00,7.00,0.00,0.00
